,0
0,储运
1,中国电信
2,7ELEVEn
3,肯德基
4,吸引力
5,婚纱
6,南粤
7,副食品
8,艺虹
9,穗园
10,青少年
11,隆
12,酱油
13,太阳岛
14,咖啡厅
15,大自然
16,水族馆
17,东川
18,顺意
19,景
20,水族
21,百佳
22,永辉
23,致美斋
24,南海
25,叉车
26,颖丰
27,泰国
28,广怡会
29,怡雅
30,宠物食品
31,粤潮
32,牛肉
33,火锅店
34,违法
35,处理
36,终端机
37,石化
38,加油站
39,BP
40,麦当劳
41,会计师
42,疾病
43,预防
44,控制中心
45,健身
46,旧货
47,灯饰
48,整形
49,中国联通
50,旺角
51,台球
52,棋牌
53,园林局
54,茶场
55,殡仪馆
56,广东省政府
57,办公厅
58,印刷厂
59,赛马场
60,昌岗
61,大河
62,马
63,水上
64,高尔夫球场
65,高盛
66,公社
67,金威
68,鸣泉
69,音乐厅
70,祥安
71,芙蓉
72,鸿波
73,客隆
74,瑞记
75,湛江
76,分校
77,足球场
78,德宝
79,惠爱
80,益鑫
81,日用
82,无缝钢管厂
83,天麓
84,马术
85,桥头
86,冶炼厂
87,地磅
88,丽江
89,庄园
90,渡头
91,亿达
92,足球
93,信
94,美伦
95,丘园
96,莲花
97,彩虹
98,羽毛球
99,邓荫南
100,墓园
101,玛莉奥
102,国靖
103,晨联
104,橡
105,塑制品
106,永顺
107,豆浆
108,同庆
109,必胜客
110,莱茵
111,港式
112,茶餐厅
113,双鱼
114,窝头
115,综治
116,皇家
117,国际饭店
118,穗福
119,家居装饰
120,中毒
121,急救中心
122,游泳场
123,汇圃
124,名城
125,金色年华
126,源胜发
127,商标
128,拉链
129,辅料厂
130,张民达
131,墓
132,北苑
133,阿春
134,单车
135,修理店
136,林内
137,肿瘤医院
138,花城
139,威
140,光电子
141,科艺
142,化工厂
143,街道社区
144,溢隆
145,冷气
146,维修部
147,理发
148,销售
149,宏发
150,三南
151,南方电网
152,水务
153,客户
154,营业厅
155,布特
156,中外运
157,久凌
158,拓师
159,咨询
160,加德士
161,新建
162,南越王
163,博物院
164,天河城
165,幼儿园
166,眼镜
167,俱乐部
168,事务所
169,陵园
170,中油
171,黄村
172,兰州
173,钟表
174,动物医院
175,中学
176,凉茶
177,体育用品
178,洗衣
179,酒廊
180,客运站
181,律师
182,典当行
183,川菜馆
184,日本料理
185,活动中心
186,电动车
187,旧址
188,皇冠
189,花店
190,汽车
191,公园
192,敬老院
193,海
194,医院
195,体育
196,土
197,电影城
198,通讯
199,体育馆
200,社区卫生
201,书店
202,小学
203,沁园
204,坚强
205,小虎
206,买卖
207,基督教
208,光
209,孝堂
210,玫瑰园
211,宴会厅
212,伟记
213,鲜果
214,迎宾
215,绿茵阁
216,蜘蛛
217,新年
218,口岸
219,智慧
220,自营
221,鹏
222,日
223,菱
224,搭果
225,银
226,海港
227,特乐路
228,锡安
229,莲塘
230,激流
231,赛场
232,红星
233,仪器
234,云苑
235,体育训练
236,垒球场
237,府
238,前
239,五羊
240,华祥
241,中山医科大学
242,穗华
243,实习
244,醉心
245,永安
246,白蚁
247,灵说
248,安装
249,崇德
250,天成
251,瓷业
252,星光
253,宿舍楼
254,力美健
255,新晖锁业
256,正骨
257,靓图
258,广仁路
259,四号
260,荔湾区
261,骨伤科
262,怡宝
263,桶装水
264,泰古
265,口腔医院
266,地产
267,纪念馆
268,聚
269,拉面
270,物流
271,咖
272,妇幼保健
273,剧院
274,学院
275,教育
276,中国邮政
277,办公
278,纺织
279,西亚
280,海味
281,广昌
282,都城
283,康复中心
284,洞庭
285,珍珠
286,制品
287,熙融
288,广园
289,温泉
290,风景
291,名胜区
292,汇富
293,志鑫
294,爱卡仕
295,自动车
296,部品
297,雅居乐
298,橱柜
299,樱花
300,回转
301,寿司
302,土华
303,文体
304,森胜
305,典当
306,老夫子
307,维
308,信豪
309,华夏
310,永久
311,星之光
312,新渝城
313,国家森林公园
314,金阳
315,枫味轩
316,银屏
317,南村
318,车站
319,化
320,龙镇
321,挖机
322,永聚贤
323,光之彩
324,万安
325,厨房设备
326,西兴
327,广州起义
328,祥凤
329,自行车
330,粤兴
331,联围
332,法律援助
333,桥东
334,祥和
335,妇女儿童
336,润滑油
337,小洞天
338,为荣
339,八佰膳
340,厨具
341,竹月
342,经
343,旅游
344,风光
345,旅行社
346,中国旅行社
347,股份
348,分公司
349,北斗星
350,酒吧
351,红人馆
352,娱乐
353,粤信
354,长寿
355,公认
356,中共
357,市委党校
358,体育中心
359,门诊部
360,职业
361,大学生
362,商业街
363,食店
364,购物
365,妇婴
366,白云山
367,烟酒
368,文具
369,院
370,酒楼
371,王
372,批发市场
373,街市
374,万福
375,之
376,党校
377,鱼
378,矿泉
379,颐和
380,文物
381,陈树人
382,雅施
383,化妆品
384,莲花山
385,休假
386,沙巴
387,中华全国总工会
388,鸿儒
389,画廊
390,长隆
391,黄埔军校
392,百草
393,思之达
394,百川
395,三百
396,洞
397,度假村
398,乘风
399,钟表店
400,名画
401,轩
402,何仙姑
403,古庙
404,准时
405,名店
406,黎雪珍
407,玫瑰
408,甜品店
409,莱克斯
410,顿
411,折扣店
412,福懋
413,娇兰
414,佳人
415,三枪
416,乔达
417,货运
418,天堂
419,鲜制
420,龟苓膏
421,真
422,美
423,盘古
424,神庙
425,多杰
426,宠物医院
427,余氏
428,何氏
429,大佛
430,古寺
431,假日酒店
432,威健
433,南富
434,鍾
435,公祠
436,二运
437,站西
438,百达
439,拉
440,麺
441,立德
442,歌
443,莉娅
444,拉斐
445,保罗
446,新街
447,抗英
448,斗争
449,所
450,云南
451,宝生园
452,牙科
453,按摩
454,市场
455,美容
456,凯旋
457,大众
458,药房
459,邮政
460,支局
461,电器维修
462,玉器
463,维修
464,用品
465,东
466,农场
467,旅馆
468,电子
469,穗城
470,甜品
471,教师
472,进修学校
473,服务站
474,新华书店
475,家电
476,华立
477,会议
478,度假
479,家私
480,姚记
481,资政
482,大夫
483,祠
484,河滨公园
485,蟾蜍
486,水库
487,大观园
488,荔枝
489,百丈
490,风景区
491,永汉
492,电影院
493,湘军
494,中穗
495,铜锣湾
496,景区
497,青宫
498,影院
499,荔湾
500,花果山
501,大西
502,富林
503,神龙
504,佬
505,湘楼
506,聚湘阁
507,市一宫
508,广通
509,逸安
510,建国
511,永动
512,亚洲
513,卫生
514,检验
515,力搏
516,运动用品
517,假肢
518,绿茵
519,夺标
520,安踏
521,中医科
522,附属
523,精品店
524,酒店
525,照相馆
526,医科大学
527,嘉逸
528,网络
529,网吧
530,长旺
531,山庄
532,技术学校
533,大厦
534,科技园
535,家具
536,鸿
537,佰
538,医疗
539,招待所
540,旅店
541,用品店
542,智力
543,在线
544,话剧院
545,大戏院
546,儿童医院
547,活力
548,歌剧院
549,何贤
550,心血管病
551,智趣
552,玩具
553,人力资源
554,天芳
555,玩具店
556,盛记
557,洛溪
558,食街
559,富森
560,好惠多
561,打印
562,潮香
563,潮州
564,昌兴
565,童装
566,福满
567,多丽
568,娃娃
569,惠众
570,乳腺病
571,防治
572,分中心
573,群众
574,爱儿
575,裕隆
576,石斑鱼
577,第西鞋
578,妈宝
579,立新
580,布匹
581,摄影
582,石滩
583,九佛
584,超力
585,维修中心
586,邮政代办
587,工艺
588,机械
589,胶袋
590,餐具
591,防治所
592,农庄
593,鸡
594,聚福
595,高
596,残疾人
597,音响
598,鲜花店
599,嘉年华
600,芬兰
601,兴乐
602,正味
603,美食城
604,糖尿病
605,食疗
606,产品
607,金秋
608,无糖
609,大来
610,龙安
611,水疗
612,金苑
613,美华
614,花斌
615,洗衣店
616,云之味
617,过桥米线
618,益康沐足
619,李耀东
620,丰味拉肠
621,湖景
622,鱼翅
623,海鲜城
624,修正
625,茂港
626,邓远明
627,春旺
628,自选
629,分院
630,王锐
631,保健品
632,穗江
633,饺子
634,健一
635,盲人
636,至尊
637,米线
638,沙岛
639,丽生行
640,知足
641,华佗
642,医疗器械
643,大地
644,洁利
645,益
646,多利
647,洗涤
648,鱼胜大条
649,洁丽
650,石记
651,原汁原味
652,桂林
653,米粉
654,电脑城
655,菜馆
656,商城
657,商业广场
658,门诊
659,从化
660,博览
661,社区
662,二
663,冲印
664,有米知
665,羊庄
666,花场
667,饮食
668,嘉逸豪庭
669,裕景轩
670,海珠
671,熟食店
672,远洋
673,指导
674,智良
675,电讯
676,鸿运
677,智才
678,石壁
679,韦涌
680,古籍
681,上渡
682,中星
683,华星
684,思高
685,华为
686,佳佳
687,包
688,张记
689,特色
690,粤菜
691,广播电视
692,华洲
693,行政
694,干部学校
695,八达
696,奥林匹克
697,中国移动
698,顺德
699,一品
700,精彩
701,老年大学
702,街东
703,约
704,苹果
705,新泰
706,黄鳝
707,客家
708,小镇
709,皇上
710,大塘
711,嘉洲
712,盐
713,焗
714,快易典
715,家教
716,机
717,文信
718,老铺
719,学而优
720,面包
721,屋
722,成人
723,就业
724,数码
725,胡忠
726,珠宝
727,东风
728,人才
729,家私城
730,床垫
731,区委
732,德
733,服务中心
734,老人院
735,岭头
736,疗养院
737,赤泥
738,陆仁甲网
739,创世纪
740,大威
741,电
742,竞网
743,万顷
744,沙镇
745,新友域
746,老干部
747,休养所
748,海日网
749,东涌
750,侨俊网
751,梦胜
752,网
753,兴云居
754,捷
755,宇网吧
756,龙
757,东湖
758,永发
759,金源
760,胶粘制品
761,宏达
762,广海
763,化工
764,超市
765,工业园
766,美容美发
767,广州大学
768,时装
769,商务酒店
770,石油
771,番
772,钟东
773,一德谊园
774,文冲
775,迪福
776,煜业
777,升发
778,生源
779,文隆
780,文具行
781,兴兴
782,五山文
783,一
784,聚文轩
785,城西
786,五福
787,加工
788,A
789,B
790,润顺
791,威锋
792,得信
793,大福
794,奥能
795,文体用品
796,邮政局
797,景钰轩
798,艺新
799,高翔
800,菠萝
801,庙
802,航修
803,番泰
804,新桥
805,龙景
806,匯力
807,金羊
808,文化用品
809,晨光
810,呈祥
811,六福
812,精艺
813,诊所
814,茶
815,交易
816,新安
817,交通
818,堂
819,烈士陵园
820,购物中心
821,粮油
822,部
823,购物广场
824,茗
825,友谊
826,饼屋
827,雪
828,贝尔
829,蛋糕
830,琳琅
831,浩俊
832,芯蕊
833,子榕
834,长青
835,凤英
836,丽影
837,夜来香
838,煌
839,卓盈
840,韶华
841,鲜花
842,时尚
843,裁改
844,鸿宝
845,电器店
846,格利
847,百福
848,丽柏
849,以太
850,艺高
851,南丰
852,煜
853,辉
854,挂绿
855,信安
856,超惠
857,超越
858,净水
859,设备部
860,产业园
861,生活馆
862,海鲜
863,酒家
864,快餐
865,电器
866,家居
867,炜
868,居
869,员村
870,现代
871,流溪河
872,旅舍
873,燕岭
874,江南西
875,恒基
876,喜悦
877,景星
878,理工
879,技工学校
880,百事
881,国门
882,戴斯
883,金锣
884,女子
885,万民
886,华侨
887,交通运输
888,师范学校
889,五月花
890,新闻出版
891,高级技工
892,友谊商店
893,明轩
894,南国
895,百货大厦
896,中兴
897,超级
898,总统
899,裕通
900,大参林
901,药店
902,聚宝
903,工业区
904,宾馆
905,餐厅
906,代理
907,三
908,仙村
909,窗帘
910,电脑
911,红十字会
912,黄埔
913,财经
914,水利电力
915,西湖
916,乡村
917,海怡
918,皇朝
919,弘兴日
920,敦煌
921,宫
922,萬年
923,全润信
924,东联
925,裕景
926,大酒楼
927,红棉
928,后
929,滘
930,海名
931,雪亚
932,明玲
933,果品
934,石牌
935,东福
936,信达
937,食
938,百盛
939,荣华
940,永农
941,恒辉
942,立体
943,养殖
944,横江
945,向阳
946,工区
947,沙
948,梨园
949,分场
950,巴江
951,鱼苗
952,蓝田
953,花木
954,苗圃场
955,良种场
956,畜牧场
957,矿场
958,双燕岗
959,省委
960,小洲
961,顺源
962,松山
963,鸡场
964,知青
965,东澳
966,新恒
967,竣华
968,酒庄
969,龙门
970,兰陵
971,美酒
972,盛安
973,旺仔
974,浩仔
975,骏景宏景
976,灿兴
977,广兴
978,旺家
979,盆景园
980,酒类
981,金环
982,骏皓
983,金叶
984,金发
985,技师
986,制冷
987,集团
988,花园
989,五金
990,渔村
991,菜市场
992,新塘
993,安康
994,牙科诊所
995,团校
996,简美
997,天恩
998,富鹏
999,E座
1000,伟伦
1001,教学大楼
1002,海关
1003,标卓
1004,名澳
1005,南校区
1006,马丁
1007,建筑
1008,足球运动
1009,增益
1010,顺景
1011,广州市公安局
1012,美国
1013,人
1014,仲恺
1015,金海马
1016,奥
1017,特莱斯
1018,折扣
1019,森林
1020,仁和
1021,鞋业
1022,心
1023,食品店
1024,东方
1025,海印
1026,床上用品
1027,布艺
1028,皮具
1029,站
1030,文化
1031,家政
1032,锦泉
1033,合富
1034,裕丰
1035,饭店
1036,天天
1037,中医药大学
1038,新城
1039,济堂
1040,桥山
1041,中医
1042,同仁
1043,同心
1044,广东省公安厅
1045,机关
1046,卫生站
1047,健雄
1048,淘金
1049,皮肤病
1050,惠
1051,福西
1052,九比村
1053,卫生所
1054,郑开
1055,康民
1056,发型设计
1057,经济
1058,技术开发区
1059,印务
1060,软件园
1061,金山
1062,群星
1063,锦华
1064,复印
1065,广告
1066,公司
1067,佳
1068,正果
1069,大兴
1070,大学
1071,轻工
1072,麦
1073,趣月
1074,圆
1075,千麦
1076,贝饼
1077,莲香楼
1078,开心
1079,蛋糕店
1080,韵馨
1081,大家乐
1082,高级
1083,生生
1084,美香源
1085,泰沙店
1086,麦之福
1087,美心
1088,西饼
1089,绿草
1090,西饼屋
1091,碁
1092,国
1093,中华
1094,星海
1095,点
1096,九洲
1097,中医医院
1098,二九
1099,第四
1100,中西医
1101,结合
1102,宁西
1103,博爱医院
1104,家家
1105,区东
1106,涌
1107,数码影像
1108,照相
1109,莉莉
1110,大酒店
1111,石
1112,农业
1113,苑
1114,香
1115,生活区
1116,金影
1117,养生
1118,惠福
1119,海安
1120,金锚
1121,嘉辉
1122,恒龙
1123,新智华
1124,迅丰
1125,平盛
1126,石牌西
1127,办公设备
1128,智文
1129,声浪
1130,健隆
1131,光电
1132,中六
1133,华之信
1134,有限公司
1135,美食
1136,品店
1137,迎商
1138,SPA
1139,理发店
1140,发廊
1141,人民政府
1142,技术
1143,肉
1144,窗帘布
1145,用品商店
1146,环境保护
1147,广东外语外贸大学
1148,公开
1149,青年
1150,社会主义
1151,信息中心
1152,南洋
1153,专修
1154,培正
1155,学术交流
1156,工程技术
1157,文艺
1158,中山大学
1159,增城
1160,天河
1161,精品
1162,基地
1163,水晶
1164,饼
1165,百货
1166,服务
1167,牛奶
1168,园区
1169,中医院
1170,百家
1171,家
1172,白云
1173,南
1174,街
1175,增
1176,工程部
1177,花都区
1178,华信
1179,佳美
1180,图文
1181,新佳
1182,会
1183,神岗
1184,平山
1185,坑头
1186,中新
1187,珠盈
1188,青萝
1189,市头
1190,自销
1191,永
1192,信基沙溪
1193,酒店用品
1194,城沙溪区
1195,瑞宝
1196,南路
1197,清河
1198,灯光
1199,夜市
1200,泰宁
1201,德诚
1202,农贸市场
1203,宝岗
1204,城区
1205,金城
1206,茶庄
1207,粤海
1208,药业
1209,老百姓
1210,设备
1211,创立
1212,骏业
1213,中介
1214,雅视美
1215,清清
1216,亨得利
1217,明亮
1218,朗越
1219,大焱
1220,高登
1221,华光
1222,中原
1223,茂昌
1224,聚居
1225,康
1226,景物
1227,业
1228,友帮
1229,玉红
1230,清洁
1231,华盛
1232,海富
1233,精威
1234,眼镜店
1235,精龙
1236,力信
1237,德昌
1238,德杰
1239,亨达
1240,丰盈
1241,雪亮
1242,月亮
1243,岛
1244,大一
1245,尊视
1246,信业
1247,建业
1248,嘉玥
1249,基纬
1250,视康
1251,诚昌
1252,智富
1253,勤盈
1254,德誉
1255,先施
1256,直通车
1257,专家
1258,榄
1259,核
1260,长红
1261,风神
1262,高新技术
1263,创业
1264,广州东站
1265,货场
1266,开发区
1267,农科
1268,千里
1269,休闲
1270,三枝
1271,联溪
1272,太平洋
1273,板头
1274,办事处
1275,光宝
1276,科技园区
1277,建普
1278,国家
1279,网络游戏
1280,动漫
1281,产业
1282,TCL
1283,钟落
1284,潭
1285,家用
1286,煤气站
1287,云丰
1288,科创园
1289,刻章
1290,推广
1291,配匙
1292,里程
1293,刻印
1294,灵兴
1295,艺城
1296,越成
1297,隆鑫
1298,劲隆
1299,东方快车
1300,金页
1301,雕刻
1302,有机
1303,昌利
1304,人社
1305,窗口
1306,资讯
1307,华南理工大学
1308,管理处
1309,美艺刻
1310,章社
1311,金太阳
1312,骏海
1313,物业管理
1314,冠生
1315,越秀区
1316,东山
1317,松园
1318,龙珠
1319,大
1320,服装
1321,鞋店
1322,发
1323,造型
1324,茶叶
1325,综合
1326,永兴
1327,丽日
1328,安利
1329,润汇
1330,远锋
1331,天字
1332,福兴
1333,帝景
1334,华逸
1335,远晖
1336,商厦
1337,立方
1338,创新
1339,新创
1340,展
1341,华海
1342,三荣
1343,丰景
1344,天隆
1345,逸雅居
1346,湖
1347,幼儿
1348,新世纪
1349,连锁
1350,艳影
1351,艳芳
1352,文
1353,忠诚
1354,天使
1355,彩
1356,成丰
1357,劳姐
1358,天姿
1359,天然
1360,华之彩
1361,真惠
1362,科华
1363,艾肯
1364,兴达
1365,图丽
1366,天琅
1367,艺能
1368,捷佳
1369,风味
1370,潮汕
1371,汕头
1372,登峰
1373,鳌头
1374,都
1375,香江
1376,国际
1377,香港
1378,南方
1379,美芳布艺
1380,富仕家纺
1381,杭州
1382,洋布
1383,剑华
1384,帆布
1385,美艺
1386,采丽布艺
1387,金燕布艺
1388,飞跃
1389,美珠
1390,如展
1391,床上
1392,雅芳
1393,轩布艺
1394,广盛
1395,健华
1396,街坊
1397,合隆
1398,星雅
1399,方圆
1400,心怡布艺
1401,凯利
1402,澳
1403,得丰
1404,马盛
1405,布料
1406,连
1407,学校
1408,豪
1409,成
1410,茗茶
1411,沙湾镇
1412,场
1413,建材
1414,镇
1415,肠粉
1416,高塘
1417,万隆
1418,东南
1419,北校区
1420,新兴
1421,日杂
1422,批发部
1423,农副产品
1424,豪贤肉
1425,王富来
1426,神山
1427,古东
1428,童星
1429,黄姨
1430,合丰
1431,卓符
1432,蓓蕾
1433,永和
1434,公立
1435,福宁
1436,货栈
1437,南安
1438,状元
1439,泉塘
1440,原德海
1441,麓
1442,景路
1443,龙福
1444,艺星
1445,新海
1446,幢
1447,海晏
1448,沙涌
1449,新源
1450,干果
1451,石路
1452,新景
1453,金雅苑
1454,穗兴
1455,骏隆行
1456,福威
1457,逸景肉
1458,堑口
1459,好时光
1460,青葵
1461,晟
1462,誉
1463,水荫
1464,永民
1465,晓园
1466,院一院
1467,黎明
1468,科学院
1469,牛
1470,中心小学
1471,服务部
1472,银河
1473,平价
1474,电力
1475,食杂店
1476,小区
1477,新村
1478,元
1479,凤凰
1480,依顿
1481,壹街
1482,叁號
1483,海员
1484,广视
1485,浙江
1486,华源
1487,嘉华
1488,OYO
1489,翠江
1490,胜高珠
1491,吉
1492,东亚
1493,月
1494,晴
1495,新豪
1496,天鹏
1497,怡景
1498,白宫
1499,向
1500,群
1501,圆梦
1502,金桥湾
1503,武汉
1504,陕西
1505,新粤新
1506,通通
1507,福苑
1508,华联
1509,九比
1510,三元里
1511,沙东
1512,有利
1513,批发
1514,女人
1515,粥
1516,公寓
1517,商务
1518,陶瓷
1519,海珠区
1520,烧烤
1521,江海
1522,流花
1523,皇
1524,园林
1525,食家
1526,晓港西
1527,潭洲
1528,人民
1529,伟新大
1530,金福堂
1531,海王星辰
1532,金康
1533,宝芝林
1534,明辉
1535,红茂
1536,中西药业
1537,民辉
1538,天仁大
1539,惠安
1540,公益
1541,泰安
1542,保安
1543,药材店
1544,保元堂
1545,正康大
1546,健友
1547,健康
1548,东慈
1549,健民
1550,惠恩
1551,正和大
1552,咏
1553,寿堂
1554,城
1555,新造
1556,太平
1557,吕田
1558,广场
1559,商店
1560,阁
1561,楼
1562,番禺
1563,广日
1564,黄埔区
1565,佳兴
1566,食品
1567,冷冻
1568,茶行
1569,渔具
1570,纸业
1571,康复
1572,世界
1573,装饰
1574,虞美人
1575,农机
1576,百货商店
1577,多
1578,自然美
1579,雅涛
1580,丝之颜
1581,冰花
1582,新疆
1583,广轩
1584,朗逸
1585,华辉
1586,娇姣益
1587,佳仁
1588,精美
1589,本色
1590,形象设计
1591,龙泉
1592,美的
1593,约会
1594,护肤
1595,德政
1596,华山
1597,畔
1598,山
1599,广州宾馆
1600,广永
1601,丽都
1602,珠海
1603,特区
1604,丽港
1605,佳园
1606,天美
1607,阳光
1608,美之家
1609,京华
1610,金港
1611,金怡
1612,髮
1613,之杰
1614,广蓄
1615,悦来
1616,登大
1617,香儿
1618,名流
1619,发型
1620,无名
1621,豪辉
1622,烦恼
1623,丝
1624,生
1625,建兴
1626,珠岛
1627,名发城
1628,桂吉
1629,碧涛
1630,美发店
1631,雅丽
1632,金驰
1633,师发
1634,飞彩
1635,蓄能
1636,荷
1637,芙
1638,蔓芳疗
1639,殿
1640,顺顺
1641,五
1642,飘然
1643,美美
1644,八佰伴
1645,田氏
1646,三栖
1647,美容中心
1648,米
1649,兰花
1650,佐登
1651,妮丝
1652,新颜
1653,世纪
1654,色彩
1655,护发
1656,专门店
1657,沙朗
1658,潮流
1659,烫染店
1660,烧鹅
1661,从化区
1662,快印
1663,铁路
1664,艺
1665,化龙
1666,水电
1667,南岗
1668,桃园
1669,乐
1670,置业
1671,南武
1672,实验学校
1673,康泰
1674,大石
1675,永福
1676,纪念
1677,龙潭
1678,马路
1679,便利店
1680,达
1681,金
1682,记
1683,兴隆
1684,华丽
1685,机电
1686,商场
1687,厂
1688,针车店
1689,蓄电池
1690,百汇
1691,小天鹅
1692,演艺
1693,服饰
1694,南城
1695,KAYEE
1696,彩韵
1697,俏佳人
1698,亿森
1699,千色
1700,万佳
1701,服装市场
1702,由
1703,内美
1704,浪族
1705,洋服
1706,千美娅
1707,旺旺
1708,芝芝
1709,清华
1710,丝朗
1711,丝绸服装
1712,夏梦
1713,嘉
1714,旗袍
1715,原色
1716,足之选
1717,的
1718,故事
1719,特曼
1720,力
1721,人生
1722,妙莉
1723,皮草
1724,天地
1725,南豪
1726,知己
1727,时装店
1728,欧洲
1729,名鞋
1730,美而惠
1731,雅仕
1732,中港
1733,圣
1734,卡特
1735,燕燕
1736,高雅
1737,华伦露斯
1738,富贵
1739,想
1740,你
1741,国际服装
1742,批发城
1743,馆
1744,科技
1745,钟村
1746,医药
1747,如意
1748,沙湾
1749,光明
1750,百货店
1751,影星
1752,专业
1753,环球
1754,强胜
1755,配件
1756,万
1757,园
1758,暨南大学
1759,番禺区
1760,旧
1761,水坑
1762,银记
1763,食府
1764,仔
1765,烧腊
1766,坊
1767,村
1768,房地产
1769,棠
1770,大道
1771,大楼
1772,经营部
1773,材料
1774,五金店
1775,华厦
1776,白云区
1777,祥发
1778,中英文
1779,贸易
1780,多多
1781,星
1782,印刷
1783,大学城
1784,太和
1785,强
1786,总汇
1787,颜
1788,乐天
1789,第七十
1790,新蕾
1791,五星
1792,港侨
1793,十五
1794,执信
1795,联安
1796,师范学院
1797,二三
1798,第十六
1799,第九十七
1800,潭山
1801,第八
1802,十六
1803,花东
1804,清流
1805,金海岸
1806,英
1807,第六十五
1808,象达
1809,象贤
1810,第七十三
1811,象骏
1812,狮峰
1813,桥城
1814,第二十六
1815,第六
1816,铁一
1817,北山
1818,六中
1819,蓝天
1820,二中
1821,应元
1822,旗帜
1823,湾
1824,福
1825,合成
1826,第五
1827,海逸
1828,清韵
1829,大凡
1830,皮革
1831,鞋材
1832,嘉晋
1833,昕
1834,鑫
1835,皮革商
1836,园广
1837,空气压缩机
1838,聚盈行
1839,八音
1840,乐器厂
1841,聚华
1842,挥记
1843,丝印
1844,矿山
1845,起重
1846,金聚来
1847,总经销
1848,日新
1849,磅秤
1850,香茶
1851,荣兴
1852,钓具
1853,富源
1854,劳保
1855,三华
1856,荣兴针
1857,车店
1858,德心
1859,伟业
1860,声乐
1861,宝
1862,春园
1863,石吓
1864,荔红
1865,华龙
1866,天伟
1867,闽泉
1868,越景
1869,天堂伞
1870,文明
1871,天福
1872,建辉
1873,茶业
1874,耀
1875,一次性
1876,环保
1877,金帆
1878,泰克
1879,仪器仪表
1880,丽美轩
1881,达昌
1882,包装机
1883,威劲
1884,控机
1885,新盈福
1886,科洋
1887,仪电
1888,琴行
1889,新丽
1890,大益
1891,旺发
1892,服装辅料
1893,鼎湖山
1894,泉
1895,香居
1896,清泉
1897,天丰
1898,祥华
1899,茶叶店
1900,照新
1901,知味
1902,富洲
1903,包装材料
1904,花都
1905,新
1906,士多
1907,第三
1908,育才
1909,B座
1910,裕华
1911,雅苑
1912,腊味
1913,十年
1914,面坊
1915,莲新
1916,面店
1917,广顺
1918,饮食店
1919,日添
1920,口福
1921,平又靓
1922,金熙
1923,角
1924,云海
1925,三和缘
1926,家味馆
1927,玲玲
1928,山珍海味
1929,肥波
1930,百味
1931,珍
1932,君记
1933,客家菜
1934,乐生苑
1935,面家
1936,胜安
1937,陶苑
1938,乳鸽
1939,胜记
1940,餐馆
1941,森记
1942,早餐
1943,金丰
1944,员工
1945,小食店
1946,为
1947,食阁
1948,森焱
1949,食馆
1950,粤
1951,湘
1952,味道
1953,老
1954,地方
1955,档
1956,珊珊
1957,大排档
1958,御膳
1959,香鸡王
1960,安记
1961,快餐厅
1962,沙河粉
1963,陶然
1964,徐
1965,老太
1966,珍宝
1967,香喷喷
1968,天益
1969,醒目
1970,聚友
1971,荣仔
1972,师范大学
1973,翰园
1974,生活
1975,玲香
1976,熊记
1977,真功夫
1978,南兴区
1979,彩东
1980,雄记
1981,私房
1982,菜
1983,富多来
1984,生力
1985,强面家
1986,啊
1987,群竹升
1988,面馆
1989,田园
1990,拉肠
1991,前进
1992,商行
1993,电动工具
1994,好
1995,麻村
1996,石东
1997,新华
1998,西路
1999,花东镇
2000,中路
2001,长乐
2002,A座
2003,汇美
2004,华
2005,珠光
2006,中心
2007,专卖店
2008,江南
2009,机电设备
2010,不锈钢
2011,瑷丝坊
2012,头部
2013,养发馆
2014,益光
2015,友联
2016,胜佳
2017,宝力
2018,健士
2019,多店
2020,金凤达
2021,汇通
2022,正源
2023,三好
2024,兴贸
2025,深记
2026,英昌
2027,五叶
2028,品轩
2029,伟
2030,力士
2031,广鸿
2032,永利
2033,副食店
2034,凤鸣
2035,华美
2036,共通
2037,多好
2038,南兴
2039,品兴
2040,婆
2041,源
2042,美惠
2043,嘉涛
2044,丽坚
2045,滨滨
2046,友好
2047,湖滨
2048,滨江
2049,汇源
2050,健
2051,华士
2052,通乐
2053,臻
2054,利
2055,冬冬
2056,志成
2057,永生
2058,德记士
2059,生辉
2060,礼杰
2061,惠广
2062,德超行
2063,家祥
2064,百顺
2065,百利
2066,影洪
2067,岗
2068,德顺
2069,鸿裕
2070,新美
2071,南诏
2072,利峰
2073,恩佳
2074,名凤
2075,食杂
2076,华商
2077,成记
2078,家乐
2079,龙业
2080,大榕树
2081,惠海
2082,厚恩
2083,康希
2084,实验
2085,天河区
2086,工程
2087,草河
2088,新港
2089,黄花
2090,锦绣
2091,商业
2092,轴承
2093,祈福
2094,商务中心
2095,购销部
2096,花苑
2097,商贸
2098,南沙
2099,南北
2100,华兴
2101,新星
2102,华东
2103,永恒
2104,东导
2105,高沙
2106,小楼
2107,光联
2108,区大稳
2109,蚬
2110,涌俊贤
2111,联合
2112,金业
2113,鸭湖
2114,三善
2115,马克
2116,嘉信
2117,小乌
2118,区榄核
2119,朝天
2120,北路
2121,建设
2122,六
2123,农林下路
2124,大田
2125,鸿鹤
2126,街口
2127,汀根
2128,镇胜洲
2129,西头
2130,李启芝
2131,英才
2132,花
2133,山镇
2134,悦贤
2135,五华
2136,赤
2137,坭
2138,富丽
2139,韦大
2140,山吓
2141,长岭
2142,麦韵芳
2143,仙
2144,村镇
2145,派潭
2146,嘉美
2147,庙贝
2148,杨荷
2149,矮岭
2150,永宁
2151,刘昌
2152,埔心
2153,京
2154,塘村
2155,中小学
2156,同福
2157,大岭
2158,真光
2159,贤路
2160,下
2161,中埠
2162,石排
2163,屏山
2164,汤村
2165,四联
2166,黄场
2167,麻车
2168,南新
2169,金升
2170,三联
2171,左边
2172,车陂
2173,东川路
2174,石溪
2175,劬劳
2176,荔江
2177,富豪
2178,行
2179,东城
2180,华庭
2181,金碧
2182,东华
2183,小
2184,银华
2185,成悦
2186,发展
2187,华记
2188,明珠
2189,店
2190,南塔
2191,华丰
2192,工具
2193,天龙
2194,通用
2195,橡胶
2196,五金交电
2197,玻璃
2198,颜料
2199,佛山
2200,销售部
2201,利达
2202,校区
2203,三江
2204,联兴
2205,天
2206,恒信
2207,羊城
2208,写字楼
2209,商务大厦
2210,穗海
2211,怡乐
2212,高迅
2213,工业
2214,中
2215,西座
2216,第七
2217,聚德
2218,路
2219,富华
2220,贸易部
2221,北站
2222,爱伦
2223,阳山
2224,移民
2225,龙凤
2226,归侨
2227,龙图
2228,东凤
2229,东苑
2230,都市
2231,怡苑
2232,侨景
2233,御苑
2234,石岗
2235,东景
2236,湖畔
2237,丽景花苑
2238,越发
2239,东丽
2240,侨基
2241,跑马地
2242,润
2243,兴业
2244,康华
2245,南区
2246,华怡居
2247,颐景轩
2248,宝裕苑
2249,佳大
2250,时代
2251,南航
2252,碧
2253,新盛苑
2254,穗苑
2255,广信鸿景
2256,金穗
2257,雅园
2258,天立俊园
2259,民乐
2260,天兴
2261,世贸
2262,海琴湾
2263,丽华
2264,富力
2265,千禧
2266,万丰
2267,泰峰
2268,御水
2269,桥虹
2270,广
2271,兴华
2272,东方花园
2273,三区
2274,滨海
2275,三华村
2276,云峰
2277,金鹏
2278,洋溪村
2279,侨苑
2280,北区
2281,骏威
2282,景园
2283,东怡园
2284,富城丽苑
2285,银汇
2286,景山
2287,邨
2288,恒盛苑
2289,恒鑫
2290,御园
2291,华乐苑
2292,羊和园
2293,御鹿华轩
2294,豪门
2295,景新城
2296,锦骏华庭
2297,山畔
2298,雍庭
2299,嘉汇华庭
2300,鸣翠
2301,环宇
2302,龙洞
2303,怡景城
2304,南华
2305,钻石
2306,银平
2307,荔建
2308,鸿成
2309,康裕
2310,商住
2311,聚德花苑
2312,东区
2313,雅怡居
2314,雅景
2315,晓燕湾
2316,海逸阁
2317,粤康阁
2318,紫光
2319,晓
2320,黄田
2321,小城
2322,之春
2323,骏逸苑
2324,南天
2325,名苑
2326,庄
2327,昌龙苑
2328,金田花苑
2329,碧桂园
2330,侨福苑
2331,嘉银华庭
2332,锦城
2333,信和苑
2334,华江
2335,卷烟
2336,一厂
2337,宿舍区
2338,穗安楼
2339,水警
2340,信息
2341,座
2342,华城
2343,石楼
2344,港新
2345,康隆
2346,荣达发
2347,力利
2348,红岗
2349,石场
2350,航都
2351,立升
2352,艺华
2353,穗锋
2354,门市部
2355,装饰五金
2356,建生
2357,鸿鹰
2358,骏鸣
2359,永强
2360,祥盛
2361,全兴
2362,链轮
2363,永煌
2364,石材
2365,国泰
2366,建维
2367,模具钢材
2368,坚美
2369,铝窗
2370,恒通
2371,电业
2372,新生
2373,世强
2374,金六福
2375,门
2376,万通
2377,志大
2378,丝网
2379,滤布
2380,锦达
2381,光发
2382,顺丰
2383,瑞兴
2384,湘花
2385,景德
2386,东发
2387,漆油
2388,调色
2389,精达
2390,欧神诺
2391,湘江
2392,清达
2393,塑胶
2394,佳记
2395,钢丝绳
2396,惠明
2397,货仓
2398,五洲
2399,钰盾
2400,金门
2401,恒风
2402,宾兴门业
2403,杜奏
2404,记锁店
2405,恒东
2406,黄平
2407,工业电器
2408,新新
2409,水暖
2410,洁具
2411,天正
2412,仪表
2413,建筑机械
2414,批发商
2415,日兴
2416,飞螺
2417,祥禾
2418,峰达
2419,恒富
2420,华鸿
2421,众佳
2422,利明
2423,金辉
2424,恩普
2425,建新
2426,标准
2427,紧固件
2428,供应站
2429,永承
2430,正泰
2431,良威
2432,墙纸
2433,联
2434,兴化
2435,建
2436,博联
2437,铁艺
2438,永盛
2439,鼎锟
2440,顺隆
2441,豪迈
2442,永胜
2443,钜
2444,宏
2445,铝材
2446,陈
2447,石膏
2448,阜通
2449,联盛
2450,渔秀
2451,上海
2452,电缆厂
2453,明兴
2454,白铁
2455,骏裕
2456,新诚
2457,佳盈
2458,强兴
2459,锦全
2460,远航
2461,嘉茹
2462,毅兴行
2463,海建
2464,阀门
2465,欧雅
2466,德兴
2467,杂件
2468,威诗
2469,柏伟发
2470,昊兴
2471,装饰城
2472,光美
2473,铝合金
2474,门窗
2475,四通
2476,广记
2477,杂架店
2478,泉兴
2479,耀兴
2480,公联
2481,螺丝
2482,焊锡
2483,盛
2484,鑫源
2485,靖岩
2486,金属制品
2487,鹏飞
2488,港湾
2489,器材
2490,美丽
2491,中信
2492,竹料
2493,东圃
2494,包装
2495,顺达
2496,诚信
2497,岭南
2498,同乐
2499,长城
2500,东江
2501,广丛
2502,综合楼
2503,区
2504,海景
2505,广环
2506,润华
2507,祥兴
2508,燕侨
2509,城建
2510,太平洋保险
2511,工银
2512,恒润
2513,擎天
2514,汇华
2515,珠鹰
2516,拓业
2517,粤纺
2518,中侨
2519,大都会
2520,中明
2521,禾
2522,客圳
2523,电子科技
2524,恒源
2525,副
2526,廣州
2527,世界贸易中心
2528,国利
2529,盈丰
2530,科技产业
2531,广发
2532,银都
2533,C座
2534,香港中华总商会
2535,财富
2536,骏源
2537,广之旅
2538,长讯
2539,天信
2540,双城
2541,碧海
2542,信龙
2543,捷泰
2544,中旅
2545,商业城
2546,主楼
2547,百灵
2548,商务楼
2549,广安
2550,广联
2551,侨房
2552,福怡
2553,四省
2554,办
2555,市政
2556,台山
2557,中粤
2558,明达
2559,中国大酒店
2560,华宫
2561,海洋
2562,金泊
2563,金茂
2564,金龙
2565,劳动就业
2566,生物科技
2567,规划
2568,天誉
2569,东塔
2570,越豪
2571,汇隆
2572,粤运
2573,新宝利
2574,穗联
2575,鸿福
2576,科学城
2577,恒安
2578,红
2579,菊花
2580,东峻
2581,3
2582,新世界
2583,立基
2584,汇强
2585,临江
2586,万宝
2587,外贸
2588,华乐
2589,北塔
2590,电信
2591,富盈
2592,王朝
2593,科教
2594,通建
2595,建鑫
2596,精益
2597,信源
2598,信合
2599,广垦
2600,惠州
2601,信德
2602,汇丰
2603,侨联
2604,蓝宝
2605,有色金属
2606,广东电信
2607,丝丽
2608,软件
2609,丰铂
2610,高科
2611,吉邦
2612,龙口
2613,沿江
2614,港澳
2615,天安
2616,豪景
2617,银农
2618,祥康
2619,铧厦
2620,商业中心
2621,君
2622,国际金融
2623,振华
2624,中化
2625,怡东
2626,坳
2627,尾村
2628,办公楼
2629,科贸
2630,银海
2631,海锦
2632,泰恒
2633,海旺
2634,名门
2635,华强
2636,珠江
2637,越秀
2638,金燕
2639,广信
2640,金昌
2641,美景
2642,东兴
2643,德利
2644,和
2645,华南
